{"cameraMode":{"drawMode":0,"name":"Shaded","section":"Shading Mode"},"sceneLighting":false,"audioPlay":false,"sceneViewState":{"showFog":false,"showMaterialUpdate":false,"showSkybox":false,"showFlares":false,"showImageEffects":false,"showParticleSystems":false},"in2DMode":false,"pivot":{"x":-12.593440055847168,"y":-5.907921314239502,"z":-2.7294540405273439},"rotation":{"x":-0.010433423332870007,"y":0.11225690692663193,"z":-0.001178731326945126,"w":-0.9936237931251526},"size":38.18387985229492,"orthographic":false}