{"cameraMode":{"drawMode":0,"name":"Shaded","section":"Shading Mode"},"sceneLighting":false,"audioPlay":false,"sceneViewState":{"showFog":false,"showMaterialUpdate":false,"showSkybox":false,"showFlares":false,"showImageEffects":false,"showParticleSystems":false},"in2DMode":false,"pivot":{"x":574.10009765625,"y":271.99322509765627,"z":3.873504638671875},"rotation":{"x":-0.028494976460933687,"y":0.008996494114398957,"z":-0.00025646283756941557,"w":-0.9995534420013428},"size":619.892578125,"orthographic":false}