{"cameraMode":{"drawMode":0,"name":"Shaded","section":"Shading Mode"},"sceneLighting":false,"audioPlay":false,"sceneViewState":{"showFog":false,"showMaterialUpdate":false,"showSkybox":false,"showFlares":false,"showImageEffects":false,"showParticleSystems":false},"in2DMode":false,"pivot":{"x":-8.550000190734864,"y":25.100000381469728,"z":-2.7294540405273439},"rotation":{"x":-0.010433423332870007,"y":0.11225690692663193,"z":-0.001178731326945126,"w":-0.9936237931251526},"size":2.8578836917877199,"orthographic":false}