{"cameraMode":{"drawMode":0,"name":"Shaded","section":"Shading Mode"},"sceneLighting":false,"audioPlay":false,"sceneViewState":{"showFog":false,"showMaterialUpdate":false,"showSkybox":false,"showFlares":false,"showImageEffects":false,"showParticleSystems":false},"in2DMode":false,"pivot":{"x":10.546402931213379,"y":28.113649368286134,"z":2.245269775390625},"rotation":{"x":-0.028494976460933687,"y":0.008996494114398957,"z":-0.00025646283756941557,"w":-0.9995534420013428},"size":440.563232421875,"orthographic":false}